Transportation modes,Fail %,Pass %
Air,64.28571428571429,35.714285714285715
Rail,58.82352941176471,41.17647058823529
Road,61.111111111111114,38.88888888888889
Sea,60.0,40.0
